{
  "name": "animejs",
  "description": "JavaScript animation engine",
  "main": "anime.js",
  "repository": {
    "type": "git",
    "url": "https://github.com/juliangarnier/anime.git"
  },
  "keywords": [
    "anime",
    "animation",
    "javascript",
    "CSS",
    "transforms",
    "SVG",
    "canvas"
  ],
  "authors": [
    "Julian Garnier <hello@julian.gr>"
  ],
  "license": "MIT",
  "homepage": "http://anime-js.com/",
  "ignore": [
    "**/.*",
    "node_modules",
    "bower_components",
    "test",
    "tests"
  ],
  "version": "1.1.2",
  "_release": "1.1.2",
  "_resolution": {
    "type": "version",
    "tag": "v1.1.2",
    "commit": "1226b1289f975b5171acb66f370982b5625e6fd7"
  },
  "_source": "https://github.com/juliangarnier/anime.git",
  "_target": "^1.1.2",
  "_originalSource": "animejs",
  "_direct": true
}